{
  "criteria": {
    "killed_by_something": {
      "trigger": "minecraft:entity_killed_player"
    },
    "killed_something": {
      "trigger": "minecraft:player_killed_entity"
    }
  },
  "display": {
    "announce_to_chat": false,
    "background": "minecraft:textures/gui/advancements/backgrounds/adventure.png",
    "description": {
      "translate": "advancements.adventure.root.description"
    },
    "icon": {
      "count": 1,
      "id": "minecraft:map"
    },
    "show_toast": false,
    "title": {
      "translate": "advancements.adventure.root.title"
    }
  },
  "requirements": [
    [
      "killed_something",
      "killed_by_something"
    ]
  ],
  "sends_telemetry_event": true,
  "rewards": {
    "function": "border_expansion:on_advancement"
  }
}