{
  "parent": "minecraft:adventure/root",
  "criteria": {
    "traded": {
      "trigger": "minecraft:villager_trade"
    }
  },
  "display": {
    "description": {
      "translate": "advancements.adventure.trade.description"
    },
    "icon": {
      "count": 1,
      "id": "minecraft:emerald"
    },
    "title": {
      "translate": "advancements.adventure.trade.title"
    }
  },
  "requirements": [
    [
      "traded"
    ]
  ],
  "sends_telemetry_event": true,
  "rewards": {
    "function": "border_expansion:on_advancement"
  }
}