{
  "parent": "minecraft:adventure/ol_betsy",
  "criteria": {
    "kill_pillager": {
      "conditions": {
        "victims": [
          [
            {
              "condition": "minecraft:entity_properties",
              "entity": "this",
              "predicate": {
                "type": "minecraft:pillager"
              }
            }
          ]
        ]
      },
      "trigger": "minecraft:killed_by_crossbow"
    }
  },
  "display": {
    "description": {
      "translate": "advancements.adventure.whos_the_pillager_now.description"
    },
    "icon": {
      "count": 1,
      "id": "minecraft:crossbow"
    },
    "title": {
      "translate": "advancements.adventure.whos_the_pillager_now.title"
    }
  },
  "requirements": [
    [
      "kill_pillager"
    ]
  ],
  "sends_telemetry_event": true,
  "rewards": {
    "function": "border_expansion:on_advancement"
  }
}